x1 coord, x2coord, x3coord, x4coord, n1, n2, n3, attrib1, attrib2
100, 51.62310570214837, 20.81808586127011, 7.597709644573005, 0, 0, 0, 2, 5
0, 86.19948083737572, 23.29448378893512, 4.682927863842306, 0, 0, 0, 2, 11
84.68749414178674, 32.27297328852789, 50, 5.421198187793072, 0, 0, 0, 2, 3
100, 25.45590427530566, 19.46577815589672, 5.908143926522736, 0, 0, 0, 2, 4
61.19678430849255, 0, 19.82264150648718, 6.727017583022799, 0, 0, 0, 2, 7
0, 81.03834897719318, 27.18589268817111, 5.637891772923416, 0, 0, 0, 2, 11
64.38867024880236, 46.53830175166502, 0, 10.42758396910818, 0, 0, 0, 2, 0
50.54017286077404, 75.20483056579675, 0, 7.39711624274589, 0, 0, 0, 2, 1
82.50652921820777, 71.08812867286007, 0, 6.494590500388718, 0, 0, 0, 2, 0
33.45279607874267, 0, 25.03219870814747, 7.942580933634684, 0, 0, 0, 2, 6
16.96823595022106, 26.13524630332495, 50, 5.666941430979723, 0, 0, 0, 2, 2
36.54824144848702, 65.69023687765927, 50, 9.129035238985052, 0, 0, 0, 2, 2
28.45036556608901, 30.49966046866409, 0, 8.027386754294199, 0, 0, 0, 2, 1
100, 84.00974188586825, 17.31579639248765, 4.767991649734022, 0, 0, 0, 2, 5
88.38677149461273, 25.6823824728985, 50, 4.510269271391246, 0, 0, 0, 2, 3
0, 46.00519317088364, 17.91816301908873, 6.557973107536285, 0, 0, 0, 2, 10
78.98863759666467, 100, 40.11882450108123, 3.668698128931845, 0, 0, 0, 2, 9
100, 35.49694513025932, 20.99854734208269, 7.057134818710542, 0, 0, 0, 2, 4
36.49715822078646, 36.1061714129562, 50, 9.159877510132327, 0, 0, 0, 2, 3
20.46495431087382, 87.5750347119949, 50.00000000000001, 4.371050512865316, 0, 0, 0, 2, 2
34.28379004764115, 100, 30.93527248016716, 5.918928478157168, 0, 0, 0, 2, 9
10.78638710225274, 100, 29.12368297027842, 4.314555114635218, 0, 0, 0, 2, 9
88.00574970920917, 35.13465262944979, 0, 4.797700163736834, 0, 0, 0, 2, 0
29.07159264244276, 15.74582845033978, 0, 5.667811948493281, 0, 0, 0, 2, 0
72.0673607435827, 71.70945845537946, 50, 8.147780191159288, 0, 0, 0, 2, 3
0, 16.62282402004052, 29.80731700147193, 5.421904169785691, 0, 0, 0, 2, 10
54.41618287862619, 79.52289326237612, 50, 6.185920072832343, 0, 0, 0, 2, 2
55.71232591262342, 100, 37.97501990238433, 4.376206904179408, 0, 0, 0, 2, 9
61.23476401518846, 100, 24.02885899136587, 6.282046851034135, 0, 0, 0, 2, 8
23.85627014316417, 100, 35.53346968866018, 4.937231910033779, 0, 0, 0, 2, 9
100, 72.74248155990072, 37.23068958967044, 5.107724166652717, 0, 0, 0, 2, 4
0, 59.20510510372233, 18.1100921713478, 6.369403387747607, 0, 0, 0, 2, 10
0, 63.80533834567396, 37.98289522757089, 4.80684240387449, 0, 0, 0, 2, 11
13.95325923079676, 0, 20.77602611690552, 4.766870976424798, 0, 0, 0, 2, 6
25.45677932485712, 12.95876456668663, 50, 5.078379404738454, 0, 0, 0, 2, 3
79.91886574127939, 0, 15.95722359638948, 5.222223235220504, 0, 0, 0, 2, 7
100, 56.73349152919531, 33.38020879159559, 6.633965509013508, 0, 0, 0, 2, 4
21.24370064586654, 69.98318986157324, 50, 6.912588993978843, 0, 0, 0, 2, 2
21.65711733078432, 0, 32.09917114333378, 5.727943727456709, 0, 0, 0, 2, 6
0, 22.33356166653067, 18.55565140489656, 6.284816052041979, 0, 0, 0, 2, 10
87.27019582411667, 71.47442670692161, 50, 5.091921807695435, 0, 0, 0, 2, 3
26.42370237574644, 55.96227859483877, 0, 7.913750720602099, 0, 0, 0, 2, 1
0, 17.38903345295538, 38.51877591518019, 4.592489755990303, 0, 0, 0, 2, 10
40.05735985379913, 66.35251267538848, 0, 8.867701572553123, 0, 0, 0, 2, 1
67.62256158819461, 74.17521864885946, 0, 7.779631971470902, 0, 0, 0, 2, 1
24.44999436235216, 0, 14.29711681912292, 5.634273459216585, 0, 0, 0, 2, 6
17.67922806311418, 12.37091792144772, 50, 4.296750616516373, 0, 0, 0, 2, 3
33.34408241446591, 43.79400449676857, 0, 8.890660741647105, 0, 0, 0, 2, 1
79.92415967852423, 91.92447903878941, 50, 3.230208816403941, 0, 0, 0, 2, 2
30.65258703253429, 100, 21.46679833291843, 6.617525207141881, 0, 0, 0, 2, 9
24.63681637409095, 74.84491979228642, 0, 6.063603933537762, 0, 0, 0, 2, 1
72.15767328864618, 0, 14.79373972421912, 5.757953761212331, 0, 0, 0, 2, 7
80.23385576933113, 100, 26.35010303466953, 5.692777641964511, 0, 0, 0, 2, 8
50.14776571506469, 100, 30.38164585642914, 6.246638913880203, 0, 0, 0, 2, 9
54.95560007542949, 58.35811788568002, 0, 10.48858452129998, 0, 0, 0, 2, 1
56.41648716451868, 0, 34.53489063749392, 6.186043745316662, 0, 0, 0, 2, 6
42.76107693313897, 15.4509535205932, 50, 5.193432886194338, 0, 0, 0, 2, 3
14.67203081776219, 45.47706394765583, 50, 5.868812327798156, 0, 0, 0, 2, 2
47.79097219024465, 33.00799772001846, 0, 9.502520104341279, 0, 0, 0, 2, 0
74.46569404029459, 62.7575622733332, 0, 8.383587224267146, 0, 0, 0, 2, 0
83.0833344662862, 81.82000870204271, 0, 5.554892378525366, 0, 0, 0, 2, 0
73.56674775175411, 48.33368386014067, 50, 8.331774355544688, 0, 0, 0, 2, 3
67.7294418840649, 0, 40.62315492937598, 3.750742812837404, 0, 0, 0, 2, 6
48.08774288592733, 0, 33.262523939003, 5.802823003038817, 0, 0, 0, 2, 6
100, 64.55949165077503, 30.54296691102691, 6.80789894582081, 0, 0, 0, 2, 5
75.79854219007736, 16.01770571134318, 0, 5.615921673052087, 0, 0, 0, 2, 0
64.06360883802022, 27.26611121155524, 0, 8.636685817936437, 0, 0, 0, 2, 0
31.24397958628252, 84.3592922832952, 0, 5.16687438887018, 0, 0, 0, 2, 1
100, 88.02807125258748, 27.01655361284819, 4.788771831701, 0, 0, 0, 2, 5
23.14955725605566, 46.83484399990263, 50, 8.015204958210926, 0, 0, 0, 2, 2
67.60537703222843, 32.11702430577047, 50, 7.666325744283411, 0, 0, 0, 2, 3
100, 81.14267934338989, 31.8664601462985, 5.339811998193844, 0, 0, 0, 2, 5
82.53047676036438, 47.71742888593923, 0, 6.61213948077674, 0, 0, 0, 2, 0
36.96239819186023, 15.19148220682358, 0, 5.91429691394733, 0, 0, 0, 2, 0
60.73232903544351, 67.44940020257309, 50.00000000000001, 9.466046955286135, 0, 0, 0, 2, 2
100, 24.30514135490326, 29.18496320047938, 6.264432160159048, 0, 0, 0, 2, 4
76.49426804273276, 81.25701302741651, 0, 5.767803522183391, 0, 0, 0, 2, 1
19.17422393869516, 99.99999999999999, 12.78996952330982, 3.769892231756049, 0, 0, 0, 2, 9
48.79634318629616, 100, 23.65222183211748, 7.488999118567977, 0, 0, 0, 2, 8
82.53073027927691, 100, 13.41121647681296, 4.710759296280989, 0, 0, 0, 2, 8
0, 29.50531399168022, 18.51929916961459, 6.346070846899249, 0, 0, 0, 2, 10
72.93782835846527, 86.24559938491976, 50, 5.107581401299691, 0, 0, 0, 2, 2
45.43775280215225, 20.6772101349318, 49.99999999999999, 6.406688460644634, 0, 0, 0, 2, 3
49.69729038298502, 86.77230219650527, 50, 5.177965153289018, 0, 0, 0, 2, 2
26.10611479101206, 80.46311212581331, 50, 5.34757974454004, 0, 0, 0, 2, 2
100, 74.43031197219381, 20.15884445410418, 5.883931512009052, 0, 0, 0, 2, 5
85.32279743124494, 100, 19.94454839231188, 4.54685124467909, 0, 0, 0, 2, 8
63.7822176297438, 53.81581178972505, 50, 10.84906180321721, 0, 0, 0, 2, 3
0, 23.3114101780393, 36.53026512916333, 4.862743095463426, 0, 0, 0, 2, 10
100, 13.38604950452368, 33.32049447557134, 4.669309535680675, 0, 0, 0, 2, 4
38.72946258566805, 0, 38.51732455592447, 4.593070178734272, 0, 0, 0, 2, 6
29.60083513297235, 23.61969719812573, 50, 6.784319725065325, 0, 0, 0, 2, 3
40.4163866513281, 79.17902248264809, 0, 7.527218876128359, 0, 0, 0, 2, 1
72.78730518461876, 0, 22.16938682111108, 6.856049153002592, 0, 0, 0, 2, 7
0, 61.63759017766897, 25.99704239526926, 7.851918349535389, 0, 0, 0, 2, 11
58.26834772363264, 43.58637271508647, 50, 10.24501728986843, 0, 0, 0, 2, 3
82.05165420564992, 87.83150497878435, 50, 4.383429025720664, 0, 0, 0, 2, 2
41.95018288073613, 99.99999999999999, 16.15002947853447, 6.460011800017665, 0, 0, 0, 2, 8
45.42817244307632, 80.3903399516513, 50, 6.618608905578485, 0, 0, 0, 2, 2
100, 63.98579243885318, 17.57823663538382, 6.22863151612445, 0, 0, 0, 2, 5
8.467991907769164, 18.87487377316035, 49.99999999999999, 3.387196849708103, 0, 0, 0, 2, 2
16.79882342937433, 21.23386882780534, 0, 5.624033848581242, 0, 0, 0, 2, 1
8.919131762135773, 100, 23.02835032566402, 3.567652792444138, 0, 0, 0, 2, 9
12.11505697940945, 25.50888943193941, 0, 4.846026242753543, 0, 0, 0, 2, 1
69.17685550961316, 10.83873599714047, 0, 4.335494500698522, 0, 0, 0, 2, 0
19.42530160546597, 88.69836597060264, 0, 3.104100816819866, 0, 0, 0, 2, 1
14.77215234996155, 84.21694385135714, 50, 5.039085290682366, 0, 0, 0, 2, 2
22.03750371120323, 100, 21.80547109165684, 5.413445833157748, 0, 0, 0, 2, 9
82.42266774846586, 53.19291730073046, 50, 6.18634814743568, 0, 0, 0, 2, 3
100, 39.87187324840973, 31.71123776182623, 7.315504898969595, 0, 0, 0, 2, 4
41.9055063530619, 100, 33.24965633144733, 5.757579609898253, 0, 0, 0, 2, 9
76.3025722750767, 100, 9.483169008545229, 3.793268633920811, 0, 0, 0, 2, 8
100, 30.38879516421565, 13.06705597252302, 5.226822419164925, 0, 0, 0, 2, 5
15.5574204798678, 0, 25.89325069462317, 4.867209801995184, 0, 0, 0, 2, 6
0, 67.06362101558558, 31.54575044539229, 6.610540668963741, 0, 0, 0, 2, 11
100, 86.90969739444033, 22.52483756801551, 4.52744181245008, 0, 0, 0, 2, 5
62.11912142573499, 0, 12.54246213878239, 5.016985125360688, 0, 0, 0, 2, 7
20.21212401061585, 0, 10.55021070540655, 4.22008529671993, 0, 0, 0, 2, 6
85.96255843635404, 29.08279869523201, 0, 5.614976690715315, 0, 0, 0, 2, 0
13.41378317500441, 73.78300666137849, 49.99999999999999, 4.740637386326363, 0, 0, 0, 2, 2
12.71453290873256, 62.75691015220201, 0, 5.085819278615174, 0, 0, 0, 2, 1
19.66226223083586, 17.07741334698225, 50.00000000000001, 5.45714941655034, 0, 0, 0, 2, 3
13.18193107970958, 70.3634024448467, 0, 5.048502231929689, 0, 0, 0, 2, 1
63.25231823937033, 85.27243810852312, 50, 5.857845153464728, 0, 0, 0, 2, 2
53.60126688975111, 87.90452591808457, 0, 4.838189632766841, 0, 0, 0, 2, 1
74.66268873338223, 0, 30.57074617362375, 5.606173400656295, 0, 0, 0, 2, 7
0, 38.72345092161246, 17.43786684179007, 6.423163776817269, 0, 0, 0, 2, 10
55.48506432174496, 13.70864636863865, 0, 5.483459758006404, 0, 0, 0, 2, 0
0, 30.24667185561296, 38.7474475009958, 4.501024098103584, 0, 0, 0, 2, 11
13.99636201650195, 76.52388939613164, 0, 4.810261935121487, 0, 0, 0, 2, 1
12.8265993325999, 57.47862581791122, 50, 5.130639752196054, 0, 0, 0, 2, 2
25.06645250347848, 100, 40.84462182012855, 3.66215130970842, 0, 0, 0, 2, 9
75.79472980633204, 17.71529690160214, 50, 4.71465452573294, 0, 0, 0, 2, 3
58.30680748916122, 99.99999999999999, 10.63568636773667, 4.254275140929735, 0, 0, 0, 2, 8
35.35583751618798, 0, 34.26242514633002, 5.892023360991757, 0, 0, 0, 2, 6
0, 17.85441150849102, 9.26678060977107, 3.706712257743712, 0, 0, 0, 2, 10
55.64194749204508, 19.5264138686041, 50, 6.631878533005114, 0, 0, 0, 2, 3
64.79411841934062, 0, 33.44973582960024, 5.488615150850054, 0, 0, 0, 2, 6
24.74276430973203, 58.78882949412559, 50, 7.679633461479877, 0, 0, 0, 2, 2
0, 73.1521825262884, 26.83894908518523, 7.208748942578323, 0, 0, 0, 2, 11
30.62964446378896, 11.3445104524404, 50, 4.537804181304974, 0, 0, 0, 2, 3
67.38476996138984, 100, 15.50680083661771, 5.991621934744749, 0, 0, 0, 2, 8
12.35866739428646, 33.59444156003926, 0, 4.943466984972211, 0, 0, 0, 2, 1
74.13783739378124, 100, 34.84259630271616, 5.455855045319444, 0, 0, 0, 2, 8
100, 7.601487285083773, 20.49726669036643, 3.04059819266943, 0, 0, 0, 2, 4
84.49345976100466, 0, 21.11338363975245, 4.863549447915703, 0, 0, 0, 2, 7
49.38433851524672, 65.4282401502294, 50, 9.165746922722434, 0, 0, 0, 2, 2
52.47101063694708, 100, 13.4510513533458, 5.380426213043158, 0, 0, 0, 2, 8
66.43500911252035, 80.58842210896503, 50, 6.178835523492057, 0, 0, 0, 2, 2
83.65058280432815, 14.61844136089793, 0, 4.902430443693969, 0, 0, 0, 2, 0
19.18572205122762, 12.92423744378409, 0, 4.095742413222078, 0, 0, 0, 2, 0
100, 80.68593772232475, 10.72379700788917, 3.686013264328351, 0, 0, 0, 2, 5
0, 8.341427392427985, 31.48311226864778, 3.336573292589712, 0, 0, 0, 2, 10
0, 78.7705923617274, 13.24396739679255, 4.67298851693953, 0, 0, 0, 2, 11
12.06464920452173, 79.35120220683919, 50, 4.362083250446343, 0, 0, 0, 2, 2
0, 10.71846137760439, 20.37702570801629, 4.28738550029411, 0, 0, 0, 2, 10
71.00123350193834, 88.61484471987686, 0, 4.554064021247406, 0, 0, 0, 2, 1
48.99055952935356, 29.71973861821846, 50, 8.835548237009583, 0, 0, 0, 2, 3
100, 71.91501189284897, 12.18329597518858, 4.873319175199287, 0, 0, 0, 2, 5
76.51182262803223, 91.59511008622796, 0, 3.361956129979719, 0, 0, 0, 2, 1
45.89914690579613, 0, 15.58141216704193, 6.232565258562411, 0, 0, 0, 2, 7
0, 27.84508130323202, 28.33406436805716, 6.254654246054873, 0, 0, 0, 2, 10
53.24424531506376, 20.28086497159983, 0, 7.219391193609003, 0, 0, 0, 2, 0
15.35851933091313, 36.91000325717047, 50, 5.560822207927918, 0, 0, 0, 2, 2
0, 75.17344034763065, 35.21767906602795, 5.059850001607424, 0, 0, 0, 2, 11
89.4244590253296, 100, 25.08106276139649, 4.185505108313207, 0, 0, 0, 2, 8
62.07059566246357, 0, 28.29231135405713, 6.363643332407407, 0, 0, 0, 2, 7
84.27759767947421, 38.62730315823154, 0, 5.573932235246019, 0, 0, 0, 2, 0
89.13472198805033, 81.54344317407214, 50, 4.346111373341311, 0, 0, 0, 2, 3
15.34134219381462, 100, 33.43235276179923, 5.882042181139067, 0, 0, 0, 2, 9
22.48510086611214, 30.28627680978749, 50, 6.403734534643146, 0, 0, 0, 2, 2
100, 21.46182384009908, 12.57791973882224, 3.962923064761904, 0, 0, 0, 2, 4
32.00113422718417, 84.88330205294716, 50, 5.275333218299721, 0, 0, 0, 2, 2
18.06667527531322, 37.66600622953748, 0, 6.696303843249559, 0, 0, 0, 2, 1
74.76816502414508, 100, 17.37037175510084, 5.248310507614388, 0, 0, 0, 2, 8
18.8959092654876, 0, 15.99505318866927, 5.620503335263143, 0, 0, 0, 2, 6
52.41458733228271, 0, 27.7916657953012, 7.438949269026766, 0, 0, 0, 2, 6
84.50603300595918, 44.46539175822709, 50, 6.197586813149162, 0, 0, 0, 2, 3
91.42691624724208, 80.1831052819812, 0, 3.429233513871459, 0, 0, 0, 2, 0
90.75911151923968, 100, 18.96921822959617, 3.188802822448874, 0, 0, 0, 2, 8
41.74177521809499, 0, 30.90436135631685, 5.86027392653097, 0, 0, 0, 2, 6
0, 42.6024764509937, 25.55534226321241, 7.089751719171405, 0, 0, 0, 2, 10
67.82852503585727, 100, 30.67069026790241, 6.471089579178383, 0, 0, 0, 2, 8
0, 51.23898777338738, 34.90583886382827, 6.037664525409316, 0, 0, 0, 2, 11
100, 43.60377121088369, 22.65116564846591, 7.653142594003592, 0, 0, 0, 2, 4
9.337485425295966, 20.04056742684567, 0, 3.734994194341612, 0, 0, 0, 2, 1
56.92674756039413, 100, 33.5781095387545, 4.97704739928461, 0, 0, 0, 2, 9
77.46175216767875, 9.625968928514549, 50, 3.850387765792338, 0, 0, 0, 2, 3
81.83335732631042, 55.5423897735561, 0, 7.266657332538852, 0, 0, 0, 2, 0
19.2888572793093, 94.28620097528886, 0, 2.285519613894918, 0, 0, 0, 2, 1
100, 40.75101337721088, 14.88245054784928, 5.952980423568659, 0, 0, 0, 2, 5
83.21668291644768, 13.00744932969832, 50, 4.599413635779991, 0, 0, 0, 2, 3
61.29120740692633, 100, 13.30986891630189, 4.372246776163855, 0, 0, 0, 2, 8
73.90345808226162, 0, 38.97777652248201, 4.18538494201467, 0, 0, 0, 2, 6
65.78179969797658, 15.64877973494215, 0, 5.807375200765883, 0, 0, 0, 2, 0
27.63593479409692, 66.24450278393783, 0, 8.066130252383497, 0, 0, 0, 2, 1
19.6372467591762, 84.01123446268404, 0, 4.10266983800949, 0, 0, 0, 2, 1
100, 22.48467433918405, 39.33985904881345, 4.264057600772161, 0, 0, 0, 2, 4
81.7544682135515, 37.26168482872993, 50, 6.314183196341272, 0, 0, 0, 2, 3
0, 12.00920824964376, 25.68354790319218, 4.207427115750265, 0, 0, 0, 2, 10
0, 80.79067315113343, 38.7532969139521, 4.498681250263012, 0, 0, 0, 2, 11
100, 80.50853965914978, 40.78567523672645, 3.685731406001892, 0, 0, 0, 2, 4
74.40664732834242, 34.35481855067254, 0, 7.593019081707878, 0, 0, 0, 2, 0
67.48901651527252, 19.34268927799694, 50, 4.83376645719564, 0, 0, 0, 2, 3
0, 51.68476810513845, 21.23913026144421, 7.178539019238558, 0, 0, 0, 2, 10
42.97457594625922, 50.72254411767507, 50, 11.17149265530537, 0, 0, 0, 2, 2
81.30097641524173, 77.8116975246058, 50, 6.084269650639653, 0, 0, 0, 2, 3
79.55569535731136, 0, 39.71816233207259, 4.112735067402475, 0, 0, 0, 2, 7
100, 31.67202702814972, 34.40872082537854, 5.83522914522417, 0, 0, 0, 2, 4
83.93717994937651, 62.07736723155239, 0, 6.425128749384939, 0, 0, 0, 2, 0
14.5806271570992, 63.43313688996007, 50, 5.83225316840556, 0, 0, 0, 2, 2
78.45441546086531, 63.44678009915395, 50, 7.655713742412732, 0, 0, 0, 2, 3
100, 48.53191057713695, 29.85830767703328, 6.961242135591572, 0, 0, 0, 2, 4
9.857581433069324, 29.35702915357589, 50, 3.943032848774231, 0, 0, 0, 2, 2
15.36287880813702, 49.27556905704168, 0, 6.145151524235299, 0, 0, 0, 2, 1
48.88674320370025, 100, 37.8630227759365, 4.783227740632665, 0, 0, 0, 2, 9
81.70309021691364, 0, 33.71750222749488, 5.544499319866796, 0, 0, 0, 2, 7
78.35034389096509, 88.12946472203708, 0, 4.280473135924783, 0, 0, 0, 2, 1
100, 51.18964212647673, 37.87622079202033, 4.84951198433175, 0, 0, 0, 2, 4
38.48368736077899, 21.8076023626248, 50, 6.747615289360916, 0, 0, 0, 2, 3
19.46760090408645, 0, 21.95975371015229, 5.863484195860658, 0, 0, 0, 2, 6
0, 86.47189593414049, 17.79401351235748, 4.682641180736635, 0, 0, 0, 2, 11
0, 58.92098981173979, 35.97711033906302, 5.60915586512479, 0, 0, 0, 2, 11
100, 28.12031620266004, 39.07909521479662, 4.368365000074031, 0, 0, 0, 2, 4
71.73246347625985, 9.78228537053902, 50, 3.539625478727968, 0, 0, 0, 2, 3
13.48051822035532, 100, 23.88236985603137, 4.727814305431594, 0, 0, 0, 2, 9
9.817255312359848, 82.14779643187671, 0, 3.926902179118668, 0, 0, 0, 2, 1
35.11750530464958, 90.59968999808866, 50, 3.760127091651215, 0, 0, 0, 2, 2
0, 34.34509074493393, 39.52227169797234, 4.191091633284818, 0, 0, 0, 2, 11
52.92302130916964, 0, 13.45513251248951, 5.382057473843201, 0, 0, 0, 2, 7
23.55551822292964, 100, 29.77580106361086, 6.290696050650448, 0, 0, 0, 2, 9
100, 57.96392775849576, 27.01204757198945, 7.076743486444971, 0, 0, 0, 2, 5
84.86649867179582, 83.46006793776849, 50, 5.10499064434485, 0, 0, 0, 2, 3
84.25936847284945, 23.30160113001862, 0, 5.418588439371577, 0, 0, 0, 2, 0
77.26525604188858, 22.66580283305231, 0, 6.962790986591687, 0, 0, 0, 2, 0
36.28094961945003, 21.0714345277068, 0, 6.458494909133967, 0, 0, 0, 2, 0
43.47923406899593, 0, 40.87545652418356, 3.649817566018541, 0, 0, 0, 2, 6
37.83632345616842, 83.19105663158845, 50, 5.204445479725761, 0, 0, 0, 2, 2
23.70810438644674, 19.13110952491058, 0, 5.662338157702127, 0, 0, 0, 2, 0
0, 66.17882399463663, 11.63449292613916, 4.653797190837924, 0, 0, 0, 2, 10
17.59432597079186, 67.60177139010635, 0, 5.679519886373199, 0, 0, 0, 2, 1
81.05090269736391, 25.46633021976987, 50, 5.929356780693723, 0, 0, 0, 2, 3
0, 73.110099809031, 18.0881758183835, 5.568637493273368, 0, 0, 0, 2, 11
57.49835983675463, 88.57262166488938, 50, 4.570954105520749, 0, 0, 0, 2, 2
0, 86.78484776227184, 31.67117999283492, 4.581725995578379, 0, 0, 0, 2, 11
28.12097531192663, 0, 34.68182376765671, 5.428363858999881, 0, 0, 0, 2, 6
10.38317823936579, 0, 32.63433443723214, 4.153271417561588, 0, 0, 0, 2, 6
0, 56.43152417943402, 31.01856623339114, 6.053786574014656, 0, 0, 0, 2, 11
89.75662407423351, 0, 28.81339929158163, 4.097350387115838, 0, 0, 0, 2, 7
0, 34.24860914987265, 33.70864189574401, 5.644699218216678, 0, 0, 0, 2, 11
100, 14.09506976172881, 20.41302055803715, 4.664130429641566, 0, 0, 0, 2, 4
68.96090876688166, 100, 39.1996644556001, 4.320134942152328, 0, 0, 0, 2, 9
0, 91.78193417859306, 23.23386344390369, 3.287232245765507, 0, 0, 0, 2, 11
89.90231645538137, 100, 30.07179948512034, 4.039075999806094, 0, 0, 0, 2, 8
15.11491522878075, 58.12004706927109, 0, 5.696943053729568, 0, 0, 0, 2, 1
24.60513704139711, 90.04786342017128, 50, 3.980854640897155, 0, 0, 0, 2, 2
76.51915558064744, 0, 10.6233471908981, 4.249338881897944, 0, 0, 0, 2, 7
100, 15.24091596494862, 13.64291848264386, 4.124558876627479, 0, 0, 0, 2, 4
0, 80.98755271221998, 33.7075470329253, 5.509553761147173, 0, 0, 0, 2, 11
85.31042357718293, 21.1075925122312, 50, 4.71252207039141, 0, 0, 0, 2, 3
34.65987916139407, 100, 12.69229860143927, 5.076919456896327, 0, 0, 0, 2, 8
100, 9.549089816148246, 27.43836437334053, 3.81963592696513, 0, 0, 0, 2, 4
18.77770618389137, 100, 39.18817628470119, 4.296786784334396, 0, 0, 0, 2, 9
0, 45.01207939676866, 35.06141284164333, 5.975435001743926, 0, 0, 0, 2, 11
100, 78.58000889544125, 37.76281200078769, 3.91227206087283, 0, 0, 0, 2, 5
0, 22.84767821524611, 11.13904365964069, 4.455617817480181, 0, 0, 0, 2, 10
12.89178699887299, 21.24808043517755, 50, 4.64223850411437, 0, 0, 0, 2, 2
88.15614826310377, 75.93815406252676, 0, 4.737541222988191, 0, 0, 0, 2, 0
16.61820251505162, 30.65449086745907, 0, 5.647054596765534, 0, 0, 0, 2, 1
19.00840292253526, 0, 40.49134105081752, 3.803463670085851, 0, 0, 0, 2, 6
29.43558219544372, 90.89928922131284, 50, 3.640284311586452, 0, 0, 0, 2, 2
42.87077397223908, 0, 21.45515417774435, 7.210432903669743, 0, 0, 0, 2, 6
90.27567675834061, 17.55973521617076, 0, 3.889730349326605, 0, 0, 0, 2, 0
100, 90.44029486021566, 32.09287215793441, 3.823882574047117, 0, 0, 0, 2, 5
76.60015822475145, 44.55197171149803, 0, 7.334588398314195, 0, 0, 0, 2, 0
8.612468865247532, 0, 27.07491379781301, 3.444987550022978, 0, 0, 0, 2, 6
25.00573485770335, 100, 15.41567357604607, 4.671664169077099, 0, 0, 0, 2, 9
0, 14.65331803161558, 17.91446194039544, 5.064737712056055, 0, 0, 0, 2, 10
30.46318213878725, 100, 40.2055478228025, 3.917780929779814, 0, 0, 0, 2, 9
85.30361806831782, 100, 34.8114761334388, 5.060457214355695, 0, 0, 0, 2, 8
55.49557723576619, 83.82011865108512, 0, 4.912422834694768, 0, 0, 0, 2, 1
36.77832260098504, 11.88807734814326, 50, 4.755231727682799, 0, 0, 0, 2, 3
49.13362583477419, 84.75123527923265, 0, 5.966479624215133, 0, 0, 0, 2, 1
100, 75.20378022529316, 28.85354210184854, 5.527835463115977, 0, 0, 0, 2, 5
52.77084213619708, 0, 18.67737241997539, 5.700349629212891, 0, 0, 0, 2, 7
28.56108328177116, 0, 10.70506110510816, 4.28202489058144, 0, 0, 0, 2, 7
58.01631846214821, 89.83205518574685, 0, 4.067177945720597, 0, 0, 0, 2, 1
71.79351807604942, 100, 11.72347855472802, 4.689391793728531, 0, 0, 0, 2, 8
0, 11.88097340315355, 33.05718254293367, 4.226628059164459, 0, 0, 0, 2, 10
31.75655400384567, 15.48311245702422, 50, 4.679991817226261, 0, 0, 0, 2, 3
62.40730920774606, 14.52623598186457, 50.00000000000001, 4.944231787948549, 0, 0, 0, 2, 3
79.99456106839646, 84.34249678044966, 50, 4.419223480510212, 0, 0, 0, 2, 2
8.679644887854128, 0, 21.31399267300525, 3.47185816123675, 0, 0, 0, 2, 6
99.99999999999999, 81.00725672868852, 24.56767768651621, 6.060478791881238, 0, 0, 0, 2, 5
49.66043301233991, 13.6562190794249, 0, 5.46248793807625, 0, 0, 0, 2, 0
14.18881542718692, 51.40088643174883, 50, 5.675526457453197, 0, 0, 0, 2, 2
24.16394496616273, 88.19590900852423, 0, 3.211072106679622, 0, 0, 0, 2, 1
0, 90.95153442467465, 26.71291937103501, 3.619387652722505, 0, 0, 0, 2, 11
62.77967672363134, 86.67117293856651, 0, 5.331531022582417, 0, 0, 0, 2, 1
80.70544842920145, 0, 8.153543523300808, 3.261417676781895, 0, 0, 0, 2, 7
31.9048440249477, 0, 14.30101246344586, 5.357638303343322, 0, 0, 0, 2, 7
0, 17.19524025685901, 13.43192858515312, 4.601108095806313, 0, 0, 0, 2, 10
100, 15.9609519828232, 28.98449753988557, 5.330330794165768, 0, 0, 0, 2, 4
10.11928087589004, 25.74450278901073, 50, 3.951918360723392, 0, 0, 0, 2, 2
44.44596780422415, 17.68830090135661, 0, 7.075320684855739, 0, 0, 0, 2, 0
11.59495962794672, 100, 19.92594143048666, 4.47013845001392, 0, 0, 0, 2, 9
24.94208328007979, 0, 19.57932019801566, 5.788311707856195, 0, 0, 0, 2, 6
90.18966846553037, 0, 20.84501968311828, 3.480467068301031, 0, 0, 0, 2, 7
64.43666882949823, 100, 37.71340780598432, 4.914638352730178, 0, 0, 0, 2, 9
17.32916869046714, 100, 28.31673985811696, 5.962643933869148, 0, 0, 0, 2, 9
69.7519686263673, 6.398691813674655, 50, 2.559476726990988, 0, 0, 0, 2, 3
78.98394556106383, 10.99235266016972, 0, 4.131452090792776, 0, 0, 0, 2, 0
100, 9.793668905566381, 18.16390657775914, 3.493229790862886, 0, 0, 0, 2, 4
67.89236620823168, 89.12454517551458, 50, 4.350181936577002, 0, 0, 0, 2, 2
80.3007347823601, 100, 8.280282793308039, 3.312113514176147, 0, 0, 0, 2, 8
19.21952765533583, 100, 6.377265253277157, 2.550906176792897, 0, 0, 0, 2, 8
54.38757938324255, 100, 18.33785776407841, 5.727347995868457, 0, 0, 0, 2, 8
69.92452495560752, 0, 37.61153028221403, 4.066160103066465, 0, 0, 0, 2, 6
100, 10.80615205813125, 23.66536485191967, 4.167172709424991, 0, 0, 0, 2, 4
17.44189744588478, 77.12239157172623, 50, 5.707846919031567, 0, 0, 0, 2, 2
49.30254917678057, 13.90650754117551, 50, 5.437623650592609, 0, 0, 0, 2, 3
100, 19.48993322405527, 36.34317923939828, 4.622481840444296, 0, 0, 0, 2, 4
85.84933212538536, 66.45079579957482, 50, 5.660267319873851, 0, 0, 0, 2, 3
88.27559673011817, 16.31033850252989, 50, 4.40176743970015, 0, 0, 0, 2, 3
0, 83.78635960809808, 12.78713800185029, 4.609428622217894, 0, 0, 0, 2, 11
100, 32.57307307823164, 28.14140750955296, 6.908509261625674, 0, 0, 0, 2, 4
24.69340117484853, 83.86685612234172, 0, 4.208622342537077, 0, 0, 0, 2, 1
69.75364168053959, 82.95005094538166, 0, 5.912852121301722, 0, 0, 0, 2, 1
70.33484562487074, 19.21951365212057, 0, 6.313286058526157, 0, 0, 0, 2, 0
100, 67.86570882055663, 38.18349413265538, 4.72660235177474, 0, 0, 0, 2, 4
45.90547980755791, 45.51066002642139, 0, 11.75276215077461, 0, 0, 0, 2, 0
58.25691885189126, 79.29161461336469, 0, 5.787132312766807, 0, 0, 0, 2, 1
12.56309155324429, 42.96458649310901, 0, 5.025236621570906, 0, 0, 0, 2, 1
15.82410984649029, 100, 17.30297859977219, 4.958932115431667, 0, 0, 0, 2, 9
14.11835168436776, 84.54002550803416, 0, 4.438339128913424, 0, 0, 0, 2, 1
70.55101700049826, 0, 42.63931773417212, 2.944272909108298, 0, 0, 0, 2, 6
72.6909167431445, 100, 23.27349274474851, 6.796173772999715, 0, 0, 0, 2, 8
35.25236430004546, 100, 37.916641599865, 4.261422135759842, 0, 0, 0, 2, 9
14.52964455282062, 14.79372819762273, 0, 5.077292076439687, 0, 0, 0, 2, 1
37.59309866993112, 0, 14.02953694123377, 5.611814958452037, 0, 0, 0, 2, 7
100, 45.85624552105466, 12.8434509327924, 5.137380924274883, 0, 0, 0, 2, 5
0, 66.41612687413269, 20.60211311433997, 6.161073980168851, 0, 0, 0, 2, 11
29.40523303322326, 100, 35.72033350454363, 4.98298882717028, 0, 0, 0, 2, 9
100, 18.52811253395742, 21.77108408719914, 5.058727109052921, 0, 0, 0, 2, 4
0, 70.47123540202738, 37.97284736589776, 4.810861072690741, 0, 0, 0, 2, 11
53.48025222607068, 90.27901303187802, 49.99999999999999, 3.888395913456326, 0, 0, 0, 2, 2
0, 79.96488713914738, 19.22420466472367, 6.053075801149458, 0, 0, 0, 2, 11
75.4957546100607, 80.46145460827522, 50, 5.904605331495004, 0, 0, 0, 2, 2
43.08147656664921, 0, 36.94139129891046, 4.314300725132216, 0, 0, 0, 2, 6
13.71496377002218, 0, 14.9685212033727, 5.006477541007731, 0, 0, 0, 2, 6
81.92501823766045, 0, 26.79122778536951, 6.025828464354504, 0, 0, 0, 2, 7
89.66784675333753, 76.50681282430214, 50, 4.132863923423243, 0, 0, 0, 2, 3
41.71816489633102, 100, 22.34094312172765, 6.759582623294597, 0, 0, 0, 2, 9
14.23718851112433, 0, 32.74897167987342, 4.206929780875265, 0, 0, 0, 2, 6
88.11312310573535, 42.81515063580092, 0, 4.754750987164286, 0, 0, 0, 2, 0
21.30748625989428, 39.7233437545252, 50, 6.976000491032151, 0, 0, 0, 2, 2
0, 33.43167023067649, 24.46707873900724, 7.413272661048699, 0, 0, 0, 2, 10
44.09004288300985, 9.208125304486849, 50.00000000000001, 3.68325379390918, 0, 0, 0, 2, 3
0, 28.02818067820047, 11.1958345357098, 4.478333963163918, 0, 0, 0, 2, 10
86.46368102401361, 0, 15.48015056092532, 4.547859766381992, 0, 0, 0, 2, 7
0, 16.93015249240053, 23.58805564798518, 5.383977947032676, 0, 0, 0, 2, 10
100, 18.98136235280698, 6.844872089470421, 2.737950674699289, 0, 0, 0, 2, 5
8.146855708986799, 78.59721048723024, 0, 3.258742832990169, 0, 0, 0, 2, 1
0, 32.32183664660835, 12.18464946473089, 4.807389715806523, 0, 0, 0, 2, 10
81.82669219191969, 90.56824102040707, 0, 3.772703896110341, 0, 0, 0, 2, 1
100, 35.83989450908978, 12.03905093964014, 4.815620402325088, 0, 0, 0, 2, 5
100, 91.93844055659456, 19.04104330077171, 3.224623804352376, 0, 0, 0, 2, 5
76.21153907933839, 38.95464497097409, 50, 6.323630797607295, 0, 0, 0, 2, 3
25.07376633867479, 10.96116903525017, 0, 4.233369879486469, 0, 0, 0, 2, 0
80.06281633303449, 100, 36.44769540259539, 4.173477597454019, 0, 0, 0, 2, 8
0, 72.84167047443339, 11.13949338392895, 4.229852114889274, 0, 0, 0, 2, 10
10.20635973175578, 33.50180750286867, 50, 4.082544042309781, 0, 0, 0, 2, 2
42.92088192025589, 86.66138944161079, 50, 5.174634341538964, 0, 0, 0, 2, 2
36.92310570558037, 76.86147834629386, 50, 6.798795684311393, 0, 0, 0, 2, 2
19.56841241171042, 45.12928020918278, 0, 6.443733029691207, 0, 0, 0, 2, 1
0, 39.19231419092355, 37.91745592003637, 4.833017641059034, 0, 0, 0, 2, 11
47.14414200784731, 0, 39.33183359127614, 4.267267275616956, 0, 0, 0, 2, 6
16.89841395841227, 0, 37.22463758239373, 4.243118375301927, 0, 0, 0, 2, 6
88.99743403277789, 83.14454509170513, 0, 4.179386714097038, 0, 0, 0, 2, 0
100, 67.07212315818632, 11.06937942380586, 4.427752225510249, 0, 0, 0, 2, 5
100, 17.70456463367856, 40.57959020764914, 3.768163998547337, 0, 0, 0, 2, 4
13.72396053143886, 15.58277924991182, 50, 4.937662354867023, 0, 0, 0, 2, 2
57.45603478046037, 0, 11.33475540489576, 4.533902403777792, 0, 0, 0, 2, 7
68.15135556928824, 12.50839745787179, 50, 3.831264271731153, 0, 0, 0, 2, 3
22.2598144022794, 0, 38.62818829337476, 4.08874978100166, 0, 0, 0, 2, 6
91.81009153280374, 19.10072114453361, 50, 3.275965259058304, 0, 0, 0, 2, 3
9.301252256677756, 73.9907603633217, 0, 3.720501064849749, 0, 0, 0, 2, 1
83.03063873466631, 0, 10.7024931495523, 3.76444110722381, 0, 0, 0, 2, 7
21.61224029130848, 100, 8.741890475921325, 3.391907299039034, 0, 0, 0, 2, 8
87.25620326154915, 0, 32.51126677512994, 4.870505029840468, 0, 0, 0, 2, 7
100, 78.24565819346368, 13.92564639598702, 4.392472414071848, 0, 0, 0, 2, 5
94.18107805308523, 100, 19.36636786839337, 2.327568867795884, 0, 0, 0, 2, 8
85.58138831860818, 59.33028377871023, 50, 5.767444705265696, 0, 0, 0, 2, 3
88.82026936232236, 50.7230254838755, 50, 4.471893569505236, 0, 0, 0, 2, 3
100, 82.4018920079256, 37.85046779163928, 3.811046891276989, 0, 0, 0, 2, 5
8.735025525609492, 75.50765227176925, 50.00000000000001, 3.494012552444605, 0, 0, 0, 2, 2
81.65489521803444, 71.13393637799629, 50, 6.138048255093478, 0, 0, 0, 2, 3
0, 75.54120597189799, 7.974860683006602, 3.189948512571414, 0, 0, 0, 2, 10
100, 86.94617842426541, 34.66937718340297, 4.736789626881925, 0, 0, 0, 2, 5
31.84846143819619, 10.41013296020949, 0, 4.164053185588101, 0, 0, 0, 2, 0
0, 91.41886766122735, 18.5254509069841, 3.432452946638092, 0, 0, 0, 2, 11
38.60020409528269, 26.78459593856813, 0, 6.727622044178418, 0, 0, 0, 2, 0
48.03609642060211, 100, 16.22414081357618, 5.706980819343665, 0, 0, 0, 2, 8
66.72255238279651, 0, 12.16612869520299, 4.866451516744188, 0, 0, 0, 2, 7
100, 8.278888228568459, 31.47310500393711, 3.311555320107181, 0, 0, 0, 2, 4
81.52793195378541, 8.476235348921524, 50, 3.390494181435537, 0, 0, 0, 2, 3
78.19783746003915, 32.29093774689384, 50, 6.668864120138542, 0, 0, 0, 2, 3
100, 76.07558509718992, 10.44601447085705, 4.163777425156788, 0, 0, 0, 2, 5
0, 75.86929918279753, 40.97470792652359, 3.610117249962757, 0, 0, 0, 2, 11
75.2245099336042, 52.87302200830254, 0, 7.776826697544214, 0, 0, 0, 2, 0
18.25975718726487, 91.6465181703972, 50.00000000000001, 3.341392731856236, 0, 0, 0, 2, 2
18.72500731141083, 7.356269573950938, 0, 2.942507844734471, 0, 0, 0, 2, 0
60.46727133643593, 16.25058177328302, 0, 5.835684294857925, 0, 0, 0, 2, 0
77.56954071477486, 89.49241754353987, 50, 3.693487444318396, 0, 0, 0, 2, 2
26.01633084163947, 0, 40.00900092358184, 3.996399631161923, 0, 0, 0, 2, 6
99.99999999999999, 57.6063177828792, 15.71664265908834, 6.286657093923174, 0, 0, 0, 2, 5
90.01066119201053, 30.22970370737807, 50, 3.995736463783962, 0, 0, 0, 2, 3
0, 7.639780540778707, 24.22619355702999, 3.055912347247611, 0, 0, 0, 2, 10
87.89255187271283, 67.26244322209794, 0, 4.842979370252929, 0, 0, 0, 2, 0
0, 21.05069165920352, 40.94069061955747, 3.623723795075881, 0, 0, 0, 2, 11
0, 81.11600439765297, 8.213479667267556, 3.285392474876897, 0, 0, 0, 2, 10
90.22174442722996, 22.40687826321008, 0, 3.911304955132358, 0, 0, 0, 2, 0
20.47830646615433, 92.55576331335153, 0, 2.291081016925415, 0, 0, 0, 2, 1
24.1380624022956, 0, 25.36879353806583, 6.308984820849407, 0, 0, 0, 2, 6
56.78045341895792, 27.1655522199513, 50, 7.409816816585099, 0, 0, 0, 2, 3
13.33454963105174, 31.42220228741022, 50, 4.098537761640651, 0, 0, 0, 2, 2
88.6354886284941, 0, 25.02611289344594, 4.309524743048665, 0, 0, 0, 2, 7
86.12797448482169, 100, 29.47850829278322, 4.168711652873259, 0, 0, 0, 2, 8
100, 67.75087044041166, 23.96854048581299, 7.033277653858599, 0, 0, 0, 2, 5
19.89655336056816, 26.61242832663117, 0, 5.678473748064359, 0, 0, 0, 2, 1
21.76733499371689, 9.561274385558857, 50, 3.824511912650415, 0, 0, 0, 2, 3
29.70922616109389, 100, 11.9777845835981, 4.791113836975497, 0, 0, 0, 2, 8
0, 50.69137750958866, 28.46602356136641, 6.854331085060284, 0, 0, 0, 2, 11
9.312214693863044, 0, 18.01186895060471, 3.668424736131315, 0, 0, 0, 2, 6
19.21903512823561, 62.25540777408568, 0, 6.096767660485511, 0, 0, 0, 2, 1
81.50613514589334, 7.772144084431913, 0, 3.108857853904381, 0, 0, 0, 2, 0
11.92628794786736, 68.51196409115866, 49.99999999999999, 4.770515184671015, 0, 0, 0, 2, 2
0, 61.89575640749644, 11.93012202971097, 4.684328549090134, 0, 0, 0, 2, 10
100, 18.16345249907909, 9.29078831225539, 2.813970821274727, 0, 0, 0, 2, 4
80.00397394960831, 100, 18.84070957063622, 5.536705959350682, 0, 0, 0, 2, 8
100, 89.48209966562403, 17.12493266668525, 3.39907034466658, 0, 0, 0, 2, 5
100, 91.64129324711992, 22.32492694956176, 3.343487538405226, 0, 0, 0, 2, 5
33.34750267163137, 100, 42.37875430276041, 3.048498302703305, 0, 0, 0, 2, 9
28.08176893040035, 74.04610941124726, 50, 7.012916637970489, 0, 0, 0, 2, 2
67.99843112060094, 0, 27.60539226606448, 5.808513351153332, 0, 0, 0, 2, 7
0, 28.45501560123748, 34.93334297479441, 4.597802978265138, 0, 0, 0, 2, 10
0, 91.57786565170811, 30.92023150768267, 3.368853781683595, 0, 0, 0, 2, 11
82.61220518088342, 100, 39.84067823874069, 3.636474887177432, 0, 0, 0, 2, 8
0, 42.23925789358557, 12.0226245167554, 4.809051247766443, 0, 0, 0, 2, 10
61.61088309799138, 100, 33.88753714905731, 5.121949868272257, 0, 0, 0, 2, 9
0, 26.7149477495559, 41.02445344207021, 3.590220010544757, 0, 0, 0, 2, 11
83.30513117723851, 0, 38.78277802670068, 4.216353192727103, 0, 0, 0, 2, 7
26.76864372871702, 87.07246276893653, 50, 4.013929647615578, 0, 0, 0, 2, 2
100, 80.67864093017263, 6.700415511745593, 2.680166236113878, 0, 0, 0, 2, 5
0, 85.14705179751797, 36.57653419405575, 5.313541869758203, 0, 0, 0, 2, 11
32.00786553985947, 0, 38.78859170881974, 4.484563323688721, 0, 0, 0, 2, 6
81.17772328707065, 100, 43.18072473938084, 2.727710309229876, 0, 0, 0, 2, 9
10.24170960004142, 0, 24.33076198238612, 3.482061950370386, 0, 0, 0, 2, 6
18.70431893277766, 7.836112160491721, 50, 3.134444864447798, 0, 0, 0, 2, 3
0, 39.43268376497353, 33.35498776325846, 4.98496468126924, 0, 0, 0, 2, 11
68.31758904448009, 8.579730263199211, 50, 2.848218637783686, 0, 0, 0, 2, 3
100, 25.93417539433005, 11.2960917839419, 4.425838801555905, 0, 0, 0, 2, 5
8.080226653567738, 81.48532368021786, 50, 3.232091615308978, 0, 0, 0, 2, 2
93.74292266886157, 0, 19.21201740802494, 2.502832427191723, 0, 0, 0, 2, 7
53.49422640813921, 100, 41.85011555639207, 3.259953915955448, 0, 0, 0, 2, 9
73.1834311063224, 10.75899924300051, 0, 4.303601733011148, 0, 0, 0, 2, 0
40.75342911612992, 9.956722524433427, 50, 3.731045625661412, 0, 0, 0, 2, 3
77.56418773529379, 100, 12.84574141412615, 3.918601358878091, 0, 0, 0, 2, 8
36.88627396677234, 85.95992939310048, 0, 5.616028244383934, 0, 0, 0, 2, 1
77.11240393893129, 74.65928615418511, 0, 7.058408805321478, 0, 0, 0, 2, 0
10.16100812002891, 29.63229985642571, 0, 4.064403603719074, 0, 0, 0, 2, 1
0, 8.524944070773101, 28.40248741061128, 3.3671960723284, 0, 0, 0, 2, 10
32.78204129201799, 78.81722344747971, 0, 5.866341640132732, 0, 0, 0, 2, 1
21.81919690137166, 100, 41.7390175395664, 3.30439520045605, 0, 0, 0, 2, 9
0, 21.66777702672259, 26.07117512925543, 5.836152575855065, 0, 0, 0, 2, 10
91.9691277202508, 100, 22.1353599487608, 3.212349679203802, 0, 0, 0, 2, 8
35.68782010003211, 52.88171981385845, 0, 9.569869828840972, 0, 0, 0, 2, 1
43.18096187851044, 74.09221854829498, 50, 7.296141228409343, 0, 0, 0, 2, 2
56.45981064214094, 34.88357646555192, 0, 9.677327192474445, 0, 0, 0, 2, 0
18.37509660967868, 77.94618660623603, 0, 5.023308290378213, 0, 0, 0, 2, 1
60.12287348959025, 68.38765543425522, 0, 8.5527483437086, 0, 0, 0, 2, 1
47.59587312512957, 39.56697494446372, 50, 10.27873019470453, 0, 0, 0, 2, 3
74.87606525105625, 57.03508993518356, 50, 8.011476959634608, 0, 0, 0, 2, 3
0, 18.83419158885152, 34.48635150970179, 4.67375252310132, 0, 0, 0, 2, 10
69.7684191420491, 64.24889087712094, 50, 8.517852476180897, 0, 0, 0, 2, 3
30.43605839113036, 50.65606904509494, 50, 8.913098598803273, 0, 0, 0, 2, 2
64.07162213295948, 24.66205974877329, 50, 6.377673099965927, 0, 0, 0, 2, 3
71.95293955865812, 24.47859766996666, 50, 5.645978258344138, 0, 0, 0, 2, 3
68.42726017692546, 41.64181754997582, 49.99999999999999, 8.382390959997057, 0, 0, 0, 2, 3
66.75176288459085, 59.8724947284407, 0, 8.985990989519463, 0, 0, 0, 2, 0
29.14970569499084, 30.6181886099679, 50, 7.280692255827208, 0, 0, 0, 2, 2
35.76186067908642, 34.86435134553791, 0, 8.868571611320329, 0, 0, 0, 2, 0
80.29901832638161, 100, 31.7154356397872, 5.169746452790165, 0, 0, 0, 2, 8
81.05190241315054, 18.57222862793039, 50.00000000000001, 5.407564425163701, 0, 0, 0, 2, 3
28.88881149935394, 21.36971778129159, 0, 6.139406299148702, 0, 0, 0, 2, 0
44.54046686001787, 56.6681925457079, 0, 10.50548215197131, 0, 0, 0, 2, 1
100, 18.722738211231, 17.06888349713985, 4.76351508232877, 0, 0, 0, 2, 4
83.28968029886524, 33.54548188605821, 0, 5.429940622190644, 0, 0, 0, 2, 0
23.89324434862955, 39.98721132615324, 0, 6.843218772962085, 0, 0, 0, 2, 1
61.03898318327825, 76.98138757441021, 50, 7.081817257573913, 0, 0, 0, 2, 2
24.09058301980465, 19.60743518234296, 50, 5.564666966612088, 0, 0, 0, 2, 3
72.24982650793513, 12.99123350846704, 50, 3.546462465890674, 0, 0, 0, 2, 3
49.84311193659295, 68.15914035579723, 0, 7.725009205365395, 0, 0, 0, 2, 1
45.7093742986974, 24.39598994664841, 0, 7.447377958095058, 0, 0, 0, 2, 0
67.01262451963245, 36.42514527996528, 0, 8.377821206539716, 0, 0, 0, 2, 0
29.27041192282076, 100, 28.04712073987173, 6.312815828723333, 0, 0, 0, 2, 9
72.11416281217325, 27.00657568001654, 0, 7.349770839492128, 0, 0, 0, 2, 0
32.74157683595216, 72.94668035316926, 0, 6.405439800740127, 0, 0, 0, 2, 1
19.31038652214857, 82.36476704875543, 50, 5.310943790038253, 0, 0, 0, 2, 2
86.65246252116367, 100, 15.14997094567069, 4.484795890466363, 0, 0, 0, 2, 8
60.59163489195581, 100, 17.50827078770091, 4.643989968800557, 0, 0, 0, 2, 8
17.73412125645492, 73.01225383032693, 0, 5.428599534457518, 0, 0, 0, 2, 1
100, 69.65235370266748, 16.20525338124805, 5.035086827377315, 0, 0, 0, 2, 5
27.86959531722093, 40.94072804559149, 50, 7.282014683319138, 0, 0, 0, 2, 2
100, 83.81586574247295, 12.45225494122569, 3.901162256397629, 0, 0, 0, 2, 5
86.25631392611889, 18.35037111349121, 0, 4.469524143625237, 0, 0, 0, 2, 0
53.87726132703293, 56.34850702600124, 50, 11.05332900725877, 0, 0, 0, 2, 2
79.8535779877339, 0, 21.5214896755615, 5.082070890042896, 0, 0, 0, 2, 7
85.50040868485559, 100, 24.63991520712692, 4.308460978013167, 0, 0, 0, 2, 8
100, 26.24013079821947, 35.22505851510823, 4.678814465939643, 0, 0, 0, 2, 4
21.7447195958504, 90.85685573584374, 0, 2.312000054575507, 0, 0, 0, 2, 1
100, 70.90695012194266, 32.84207379561312, 5.190321148837861, 0, 0, 0, 2, 5
12.20479043849269, 0, 29.02754828674516, 4.408754459048692, 0, 0, 0, 2, 6
100, 62.61017740881788, 36.58409145331357, 5.366365187065632, 0, 0, 0, 2, 4
63.26485304186508, 81.52079155661106, 0, 5.644405620503519, 0, 0, 0, 2, 1
18.27254680495833, 100, 8.681716053687675, 2.718382358283437, 0, 0, 0, 2, 8
75.32091603697435, 100, 29.86185686271428, 5.585636388389199, 0, 0, 0, 2, 8
77.23485978282645, 0, 36.39178529081951, 4.425448858640317, 0, 0, 0, 2, 7
0, 22.06155471335846, 31.47720933698984, 4.814512949829126, 0, 0, 0, 2, 10
25.08458605787123, 47.64027624965921, 0, 6.612872800715087, 0, 0, 0, 2, 1
84.16706750223626, 87.05996007546018, 0, 4.601422112189216, 0, 0, 0, 2, 1
67.05939049464104, 0, 16.8089575384484, 5.079055918703047, 0, 0, 0, 2, 7
50.10297238038188, 75.09894702303406, 50, 6.741404150291235, 0, 0, 0, 2, 2
18.53241980586115, 53.95535272194393, 0, 5.878129008798338, 0, 0, 0, 2, 1
27.10292292372014, 66.86989033100136, 50, 7.239369847967491, 0, 0, 0, 2, 2
36.30154232193874, 100, 25.40864796190979, 6.419362711864175, 0, 0, 0, 2, 9
100, 76.65106783825999, 34.59377915355951, 4.047865808771615, 0, 0, 0, 2, 5
0, 87.29849611628117, 27.47323686008762, 4.071207198811456, 0, 0, 0, 2, 11
100, 46.24973689674842, 36.06543320762885, 5.573826717793148, 0, 0, 0, 2, 4
18.51443694294118, 54.46569145815597, 50, 5.784218199163282, 0, 0, 0, 2, 2
55.83883208805806, 100, 28.13986931618155, 6.051172337552456, 0, 0, 0, 2, 9
80.79243817317538, 29.13407560606699, 0, 5.530943646503076, 0, 0, 0, 2, 0
40.54401872570638, 27.7207038323228, 50, 6.832148647966805, 0, 0, 0, 2, 3
78.55303721361931, 13.07761005570696, 50, 3.949793472964236, 0, 0, 0, 2, 3
0, 53.99800415332445, 14.9987987418337, 5.999519723676646, 0, 0, 0, 2, 10
35.83861331248235, 100, 17.32278821774069, 5.213404002415436, 0, 0, 0, 2, 8
22.0641340814503, 24.42888377263468, 50, 5.706393845898139, 0, 0, 0, 2, 2
27.69526105555942, 88.23458631546623, 0, 3.853212830332416, 0, 0, 0, 2, 1
24.14088171349498, 100, 10.66076813219215, 3.463434660119913, 0, 0, 0, 2, 8
20.82995427264309, 9.250109831167201, 0, 3.089427560910229, 0, 0, 0, 2, 0
90.32136418346165, 21.88490820327245, 50, 3.444804006230655, 0, 0, 0, 2, 3
59.80240268779627, 100, 38.24979852217663, 4.47269910476768, 0, 0, 0, 2, 9
100, 12.23731614584217, 15.94609885068567, 3.600608901741864, 0, 0, 0, 2, 4
100, 20.9283068910471, 8.932674640777114, 3.041902836979565, 0, 0, 0, 2, 5
18.16070501861884, 91.51243377495445, 0, 2.773130643486851, 0, 0, 0, 2, 1
90.10057287214755, 0, 17.58240364972851, 3.50040300874384, 0, 0, 0, 2, 7
38.0149209235761, 88.57233140610442, 50, 3.858386062988187, 0, 0, 0, 2, 2
54.35182128084842, 85.71471116176539, 50, 4.637881973445212, 0, 0, 0, 2, 2
16.41042497465877, 88.48489975053026, 0, 3.297735320694543, 0, 0, 0, 2, 1
100, 79.63330736193541, 17.76263532597875, 4.451866150123812, 0, 0, 0, 2, 5
74.69947113651244, 86.40765577911024, 0, 4.404204958406434, 0, 0, 0, 2, 1
0, 69.97610554530928, 13.75230690986926, 4.231156670119698, 0, 0, 0, 2, 10
16.45687265237123, 88.58524932182604, 50, 3.876326133969362, 0, 0, 0, 2, 2
69.98368745991039, 0, 33.77297123336129, 4.18870871303701, 0, 0, 0, 2, 7
21.34262323272232, 91.72107255630466, 50, 3.311571497534331, 0, 0, 0, 2, 2
39.21214297120282, 99.99999999999999, 38.25617061880359, 4.336325946397218, 0, 0, 0, 2, 9
31.35508952978236, 80.06054002526533, 50, 5.30906763927918, 0, 0, 0, 2, 2
100, 15.32764112034515, 37.14221228004735, 4.55983139900834, 0, 0, 0, 2, 4
20.30033552857824, 100, 16.23515486526473, 3.954718302124026, 0, 0, 0, 2, 9
22.27580723470017, 80.43914531335933, 0, 4.576591819020423, 0, 0, 0, 2, 1
66.6252488497888, 100, 21.78278567865677, 6.371642166861241, 0, 0, 0, 2, 8
43.6804924922546, 100, 28.26529616478774, 5.772927587878761, 0, 0, 0, 2, 9
27.36318513935729, 80.81728407114235, 0, 4.422296875817181, 0, 0, 0, 2, 1
33.40641930157781, 61.37834535681553, 0, 8.235953377939239, 0, 0, 0, 2, 1
15.57071291172484, 100, 12.6416143063732, 3.916837107070577, 0, 0, 0, 2, 9
31.83392926971552, 58.75997640371683, 49.99999999999999, 7.737159330951402, 0, 0, 0, 2, 2
23.63350039276305, 85.12114475541483, 50, 4.029174222212482, 0, 0, 0, 2, 2
71.45540112284881, 16.15778208698073, 50, 3.562058927174368, 0, 0, 0, 2, 3
60.73075852893773, 33.57981151248892, 50, 7.668746558809023, 0, 0, 0, 2, 3
76.56635256532653, 22.05799355677181, 50, 4.812485735417339, 0, 0, 0, 2, 3
62.335153166102, 19.06665993816364, 50, 4.95463421806872, 0, 0, 0, 2, 3
